title,body,summary,type,tags,url
ไอดอลลามกรวบปู่มหามุนี ถ่ายคู่กับสาวบิกินีชวนเล่นไลน์พนัน (คลิป)! lady gaga,"ปู่มหามุนี, คาบ้าน หลังไลฟ์สดวาบหวิวกับสาวบิกินี ชวนชาวบ้านสมัครไลน์กลุ่มเล่นพนัน โดน 2 ข้อหาตามความผิด พ.ร.บ.คอมพิวเตอร์และการพนัน เจ้าตัวยอมรับผิด รับจ้างมา 4 พันบาท อ้างไม่รู้ผิดกฎหมาย ยืนยันจะไม่ทำอีก ส่วนสาวบิกินีแดงดอดเข้ามอบตัวตั้งแต่วันที่ 14 พ.ค.แล้ว ขณะที่ โทนี่ บุหรี่ทำเอง ผู้ร่วมในคลิปเผ่นแล้ว หาตัวไม่เจอ,ที่กองบังคับการปราบปรามการกระทำความผิดเกี่ยวกับอาชญากรรมทางเทคโนโลยี (บก.ปอท.) เมื่อเวลา 14.30 น. วันที่ 15 พ.ค. พ.ต.อ.ศิริวัฒน์ ดีพอ รอง ผบก.ปอท.ฐานะโฆษก ปอท. พร้อมด้วย พ.ต.อ.ขวัญชัย พัฒรักษ์ ผกก.3 บก.ปอท.แถลงจับกุมนายชัยรัตน์ ยอดพรม หรือปู่มหามุนี อริยะดาบส และ น.ส.สุนิภา ปัดแดง หญิงสาวชุดบิกินีแดง ผู้ต้องหาตามหมายจับศาลอาญาที่ 661-662/2562 ลงวันที่ 14 พ.ค.62 ความผิดตาม พ.ร.บ.คอมพิวเตอร์ มาตรา 14 (4) ข้อหานําเข้าสู่ระบบคอมพิวเตอร์ ซึ่งข้อมูลคอมพิวเตอร์ใดๆที่มีลักษณะอันลามกและข้อมูลคอมพิวเตอร์ ความผิดตาม พ.ร.บ.การพนัน พ.ศ.2478 มาตรา 12 ข้อหาชักชวนผู้อื่นให้เข้าเล่นพนัน จับกุมนายชัยรัตน์ได้ที่บ้านย่านรามอินทรา ขณะที่นายเจริญศักดิ์ โพธิ์ศรีชัย หรือโทนี่ บุหรี่ทำเอง ที่ปรากฏตัวในคลิปด้วยยังคงหลบหนีการจับกุม ส่วน น.ส.สุนิษา ปัดแดง สาวในชุดบิกินีแดง เข้ามอบตัวแล้วเมื่อวันที่ 14 พ.ค.,พ.ต.อ.ศิริวัฒน์ ดีพอ กล่าวว่า สำหรับการจับกุมนายชัยรัตน์ หรือปู่มหามุนี ตามที่ปรากฏคลิปไลฟ์สดเฟซบุ๊กร่วมกับนายโทนี่ บุหรี่ทำเอง และ น.ส.สุนิษาในชุดบิกินี ชักชวนให้สมัครสมาชิกไลน์กลุ่มการพนัน อ้างว่าตัวเองสมัครสมาชิกด้วยเงิน 10,000 บาทแต่ได้ผลตอบแทนสูงถึง 250,000 บาท เมื่อตรวจสอบพบว่าเข้าข่ายความผิดตามมาตรา 14 (4) พ.ร.บ.คอมพิวเตอร์ นําเข้าข้อมูลลามกอนาจารสู่ระบบฯ ต้องระวางโทษจําคุกไม่เกิน 5 ปี หรือปรับไม่เกิน 1 แสนบาท หรือทั้งจําทั้งปรับ และความผิดฐานชักชวนให้ผู้อื่นเข้าเล่นการพนันตาม พ.ร.บ.การพนัน ต้องระวางโทษปรับสูงสุด 2 พันบาท จำคุกไม่เกิน 2 ปี,เบื้องต้นพนักงานสอบสวน กก.3 บก.ปอท. นำตัวผู้ต้องหาส่ง สน.ทุ่งสองห้อง คุมขัง ก่อนฝากขังศาลอาญา ช่วงสายวันที่ 16 พ.ค. ฝากเรียนประชาชนว่า การกระทำใดๆที่เป็นการยั่วยุให้เกิดอารมณ์ความใคร่ แม้ไม่เห็นอวัยวะเพศหรือหน้าอกก็เข้าข่ายความผิดฐานลามกอนาจารได้ ขอให้ใช้ความเป็นเน็ตไอดอลให้ถูกให้ควร พ.ต.อ.ศิริวัฒน์กล่าว,ด้านนายชัยรัตน์ผู้ต้องหากล่าวว่า คลิปที่ปรากฏดังกล่าว ตนรับงานไลฟ์จากผู้ว่าจ้างราคา 4,000 บาท ตนเป็นคนที่อยากรู้อยากลองอะไรจะลงมือทำเอง คดีนี้ตนทำผิดก็ไม่หนี ขอยอมรับผิดในสิ่งที่ทำลงไป ตนเรียนจบไม่สูง ไม่รู้ข้อกฎหมาย และคิดว่าคลิปดังกล่าวไม่เห็นอวัยวะเพศหรือหน้าอกอาจไม่มีความผิด ที่ทำไปทั้งหมดเพราะคิดว่าสังคมจะได้รับความสนุกสนาน ไม่มีเจตนาอื่นๆ ยืนยันว่าจะไม่ทำอีก การพนันเป็นสิ่งไม่ดี แต่การชักชวนให้ผู้อื่นสมัครเล่นพนันถูกต้องหรือไม่ เปรียบเทียบว่า เยาวชนกระทำผิดใดๆก็เลี่ยงจะไม่บอก เช่น แอบผู้ปกครองสูบบุหรี่ ตนเชื่อว่า หากยิ่งห้ามจะยิ่งยุ",ปอท.บุกรวบ ปู่มหามุนี คาบ้าน หลังไลฟ์สดวาบหวิวกับสาวบิกินี ชวนชาวบ้านสมัครไลน์กลุ่มเล่นพนัน โดน 2 ข้อหาตามความผิด,"ข่าว,ทั่วไทย","ปู่มหามุนี,จับปู่มหามุนี,ประกันตัว,ชัยรัตน์ ยอดพรม,ปอท.,ไลฟ์สด,ข่าวหน้า1,ข่าวทั่วไป",https://www.thairath.co.th/news/local/bangkok/1568560
6 โจรบุกแทงผัวดับเมียเจ็บสลดคาร้านชำ ต่อหน้าลูก 13 ปี คาดปมส่วนตัว," ขณะที่ บิ๊กแป๊ะ สั่งทีมไล่ล่าแก๊งทมิฬ กลุ่มคนร้ายน่าจะรู้จักผู้ตายมาก่อน คาดปมเหตุเป็นเรื่องส่วนตัว,เหตุคนร้ายบุกทำร้ายผัวเมียชาวพม่ารายนี้ เปิดเผยเมื่อเวลา 22.15 น. วันที่ 4 ต.ค. ร.ต.อ.ธารา น้าวานิช รอง สว. (สอบสวน) สภ.เมืองกาญจนบุรี รับแจ้งเหตุคนร้ายบุกเข้าไปทำร้ายชาวบ้านได้รับบาดเจ็บในบ้านเลขที่ 99/51 หมู่ 6 ต.ปากแพรก อ.เมือง ไปตรวจสอบพร้อม พ.ต.อ.ธีระพงษ์ ฤทธิ์จรูญ ผกก. พ.ต.ท.ภุชงค์ ณรงค์อินทร์ รอง ผกก.สส. ตำรวจชุดสืบสวน และแพทย์เวรจากโรงพยาบาลพหลพลพยุหเสนา,ที่เกิดเหตุเป็นห้องแถวชั้นเดียว 2 ห้อง เปิดเป็นร้านขายของชำ 1 ห้อง ภายในมีร่องรอยการต่อสู้ ข้าวของกระจัดกระจายเกลื่อนพื้น มีคราบเลือดเป็นทางยาว พบศพนายแมด อายุ 40 ปี ถูกแทงเข้าที่บริเวณลำตัว 16 แผล และหัวแตก และมีผู้บาดเจ็บ 1 คน ทราบชื่อ น.ส.ชะเอม อายุ 42 ปี ทั้งคู่เป็นผัวเมียชาวพม่า ถูกฟันเข้าที่ต้นคอเป็นแผลเหวอะ อาการสาหัส เจ้าหน้าที่นำส่ง รพ.พหลพลพยุหเสนา ภายในบ้านพบ ด.ญ.เอ อายุ 13 ปี ลูกสาว ผู้ตาย อยู่ในอาการตกใจ ตรวจสอบภายนอกบ้านพบท่อนไม้เปื้อนเลือด 1 ท่อน เจ้าหน้าที่เก็บไว้เป็นหลักฐาน,สอบสวน ด.ญ.เอทราบว่า คนร้าย 6 คนขี่รถ จยย.ซ้อนกันมา 3 คัน วิ่งมาจอดหน้าร้านไม่ดับเครื่องยนต์ สวมหมวกกันน็อกแบบเต็มใบบุกเข้ามาในร้าน ขณะนั้นแม่นั่งคิดเงินอยู่ที่โต๊ะทำงาน คนร้ายเข้ามา ทำร้ายใช้ไม้ตีและใช้มีดฟัน แม่ร้องขอความช่วยเหลือ ตนและพ่อนอนอยู่ในห้องนอนได้ยินเสียงตกใจ พ่อรีบเปิดประตูออกมาดู คนร้ายกรูเข้ามาชักเหล็กขูดชาฟต์ แทงเข้าที่ลำตัว และใช้ไม้ตีหัวพ่อหลายครั้ง ส่วนตน ถูกกระแทกไปอยู่หลังประตู ทำให้คนร้ายมองไม่เห็น จากนั้นคนร้ายรีบวิ่งออกจากร้าน ขี่รถ จยย.หลบหนีไป โดยไม่ได้หยิบทรัพย์สินที่อยู่ในร้านไปด้วย,พ.ต.อ.ธีรพงษ์ ฤทธิ์จรูญ ผกก.สภ.เมืองกาญจนบุรี กล่าวว่า สั่งการให้ พ.ต.ท.ภุชงค์ ณรงค์อินทร์ รอง ผกก.สส.สภ.เมืองกาญจนบุรี พร้อมกำลังตำรวจชุดสืบสวน ลงพื้นที่เร่งตรวจสอบกล้องวงจรปิดบริเวณใกล้เคียง ตำรวจยังไม่ทราบมูลเหตุของกลุ่มคนร้าย เนื่องจากลูกสาวผู้ตายยืนยันว่า พ่อและแม่ ไม่เคยมีปัญหากับใครมาก่อน คนร้ายไม่ได้แตะต้องทรัพย์สิน ไม่น่าจะใช่คดีชิงทรัพย์ และยังไว้ชีวิตลูกสาวผู้ตายอีกด้วย ทั้งนี้ เจ้าหน้าที่ตำรวจอยู่ระหว่างสอบปากคำผู้ที่เกี่ยวข้องเพื่อหาสาเหตุ พร้อมเร่งติดตามจับกุมตัวคนร้ายมาดำเนินคดี,ด้าน พ.ต.อ.กฤษณะ พัฒนเจริญ รอง โฆษก ตร. เปิดเผยว่า คดีนี้มีความคืบหน้าไปมาก สอบปากคำพยานไปแล้วหลายปาก และเจ้าหน้าที่ฝ่าย สืบสวนตรวจสอบพบข้อมูลน่าเชื่อได้ว่า กลุ่มคนร้ายน่าจะรู้จักกับผู้ตายมาก่อน สำหรับมูลเหตุในครั้งนี้ เบื้องต้นสันนิษฐานน่าเชื่อว่าเกิดจากปมขัดแย้งส่วนตัว แต่ยังไม่ตัดประเด็นอื่นทิ้งไป พร้อมกันนี้ พล.ต.อ.จักรทิพย์ ชัยจินดา ผบ.ตร. สั่งการให้เร่งสืบสวนสอบสวน และติดตามจับกุมคนร้ายที่ก่อเหตุมาดำเนินคดีตามกฎหมายโดยเร็ว เพราะถือว่าเป็นคดีอุกฉกรรจ์สะเทือนขวัญ สร้างความตื่นตระหนกให้แก่พี่น้องประชาชน กำชับเร่งรัดพนักงานสอบสวนให้ดำเนินการรวบรวมพยานหลักฐานและสอบสวนอย่างตรงไปตรงมาด้วยความรอบคอบ รวดเร็ว เป็นธรรม อาศัยพยานหลักฐานทางนิติวิทยาศาสตร์ และพยานหลักฐานที่เชื่อมโยงกับผู้ที่ก่อเหตุเป็นสำคัญ เน้นย้ำเจ้าหน้าที่ฝ่ายสืบสวนต้องเร่งคลี่คลายคดี เพื่อสร้างความเชื่อมั่นให้กับพี่น้องประชาชน",สุดโหด 6 คนร้ายยกพวกบุกฆ่าผัวพม่าเจ้าของร้านขายของชำเมืองกาญจน์ เมียถูกฟันคอแผลเหวอะอาการสาหัส ส่วนลูกสาววัย 13 ปีรอดหวุดหวิด หลังก่อเหตุต่างเผ่นหนีไม่หยิบทรัพย์สิน,"ข่าว,ทั่วไทย","แทงผัวเมีย,ร้านขายของชำ,ฆ่าพม่า,ฆ่าโหด,ข่าวหน้า1",https://www.thairath.co.th/news/local/central/1391193
สารภาพลดโทษกึ่งหนึ่ง พงศ์พัฒน์ โดนคุก 9 เดือน ซุกไม้ชิงชัน,"เมื่อเวลา 10.00 น. วันที่ 12 ก.พ.58 มีรายงานว่า ศาลนัดสอบคำให้การจำเลยคดีดำ อ.415/58 ที่พนักงานอัยการฝ่ายคดีเศรษฐกิจและทรัพยากร 1 เป็นโจทก์ฟ้อง พล.ต.ท.พงศ์พัฒน์ ฉายาพันธุ์ อายุ 58 ปี อดีตผู้บัญชาการตำรวจสอบสวนกลาง (ผบช.ก.) นางสวงค์ หรือสวงศ์ มุ่งเที่ยง อายุ 54 ปี และนายเริงศักดิ์ ศักดิ์ ณรงค์เดช อายุ 57 ปี สามีภรรยา ร่วมกันเป็นจำเลยที่ 1-3 ตามลำดับ ฐานกระทำผิด พ.ร.บ.ป่าไม้ พ.ศ.2484 มาตรา 48, 73 และ 74,คดีนี้โจทก์ฟ้องและนำสืบว่า เมื่อระหว่างวันที่ 20 พ.ย. – 11 ธ.ค. 57 ต่อเนื่องกัน จำเลยทั้งสามได้ร่วมกันมีไม้ชิงชันแปรรูป จำนวน 68 แผ่น ซึ่งเป็นไม้หวงห้ามไว้ในความครอบครองโดยไม่ได้รับอนุญาต เหตุเกิดที่ ต.คลองเกลือ อ.ปากเกร็ด จ.นนทบุรี โจทก์จึงขอให้ศาลพิพากษาลงโทษจำเลยตามความผิดด้วย โดยศาลได้อ่านและอธิบายคำฟ้องให้จำเลยทั้งสามฟังจนเข้าใจแล้วสอบถามว่าจะให้การรับสารภาพหรือปฏิเสธ ปรากฏว่า จำเลยทั้งสามให้การรับสารภาพไม่ขอต่อสู้คดี และไม่ต้องการทนายความ,ศาลพิเคราะห์แล้วเห็นว่า พวกจำเลยกระทำผิดตามฟ้องจริง พิพากษา จำคุกจำเลยทั้งสามคนละ 1 ปี 6 เดือน คำรับสารภาพเป็นประโยชน์แก่การพิจารณา ลดโทษกึ่งหนึ่ง คงจำคุกจำเลยคนละ 9 เดือน ยึดไม้ชิงชันแปรรูป จำนวน 68 แผ่นด้วย ทั้งนี้ ศาลได้ออกหมายเบิกตัวจำเลยทั้งสามจากเรือนจำพิเศษกรุงเทพ และทัณฑสถานหญิงกลางบางเขน มาศาล โดย พล.ต.ท.พงศ์พัฒน์ นายเริงศักดิ์ และนางสวงค์ สวมชุดนักโทษสีน้ำตาล เดินก้มหน้า มีสีหน้าเรียบเฉย,ผู้สื่อข่าวรายงานว่า ก่อนหน้านี้เมื่อวันที่ 30 ม.ค. ศาลอาญาได้มีคำพิพากษา คดีดำ อ.290/58 ที่พนักงานอัยการเป็นโจทก์ฟ้อง พล.ต.ท.พงศ์พัฒน์ ฉายาพันธุ์ อายุ 58 ปี อดีต ผบช.ก. กับ พล.ต.ต.โกวิทย์ วงศ์รุ่งโรจน์ อายุ 59 ปี อดีตรอง ผบช.ก. ร่วมกันเป็นจำเลยที่ 1-2 โดยพิพากษาจำคุกคนละ 12 ปี ลดโทษกึ่งหนึ่ง เหลือจำคุกคนละ 6 ปี ฐาน ร่วมกันหมิ่นประมาท, ดูหมิ่นแสดงความอาฆาตมาดร้ายพระมหากษัตริย์ พระราชินี และองค์รัชทายาท เป็นเจ้าพนักงานปฏิบัติหน้าที่มิชอบ และจัดให้มีการเล่นการพนัน ตามประมวลกฎหมายอาญา มาตรา 83, 91, 112 พ.ร.บ.ประกอบรัฐธรรมนูญว่าด้วยการป้องกันและปราบปรามการทุจริต พ.ศ. 2542 มาตรา 41, 123/1 พ.ร.บ. การพนัน พ.ศ. 2478 ฯ โดยขณะนี้ศาลอาญาได้พิพากษาจำคุก พล.ต.ท.พงศ์พัฒน์ 2 คดี รวมจำคุก 6 ปี 9 เดือน",ศาลสั่งจำคุก พงศ์พัฒน์ พร้อมพวกอีก 1 ปี 6 เดือน คดีซุกไม้ชิงชัน หลังให้การรับสารภาพ และไม่ขอต่อสู้คดี ลดโทษกึ่งหนึ่งเหลือคนละ 9 เดือน รวมคดีเก่าเป็นจำคุก 6 ปี 9 เดือน,"ข่าว,ทั่วไทย","พงศ์พัฒน์ ฉายาพันธุ์,พล.ต.ท.พงศ์พัฒน์ ฉายาพันธุ์,จำคุกพงศ์พัฒน์,ซุกไม้ชิงชัน,พงศ์พัฒน์หมิ่นสถาบัน,ม.112,หมิ่นเบื้องสูง,ไม้ชิงชันแปรรูป,ซุกซ่อนไม้,ข่าว,ไทยรัฐออนไลน์,ข่าวทั่วไทย",https://www.thairath.co.th/news/local/480813
ตร.จับเครือข่ายยาเสพติดในเรือนจำ ขณะเตรียมส่งยาไปภาคใต้,ตำรวจนครบาลตลิ่งชัน จับกุมนายวชิรวิทย์ หรือ แบงค์ ชีวะสาโร อายุ 22 ปี ชาวจังหวัดสงขลา ที่หน้าบริษัทขนส่ง ลิกไนท์ ทัวร์ ถนนบรมราชชนนี เขตตลิ่งชัน พร้อมของกลางยาบ้าจำนวน 38000 เม็ด และยาไอซ์ 2970 กรัม ที่ซุกซ่อนในกล่องรองเท้า และอาวุธปืน 3 กระบอก หลังได้รับแจ้งจากสายลับว่าจะมีการลักลอบส่งยาเสพติดที่บริษัท ส.สยามยนต์ จังหวัดนครศรีธรรมราช โดยส่งเป็นพัสดุผ่าน บริษัทขนส่ง ลิกไนท์ทัวร์ จึงวางแผนเฝ้าติดตามพฤติกรรม กระทั่งพบนายวชิรวิทย์ มีลักษณะต้องสงสัยตรงตามที่สายลับแจ้ง จึงขอตรวจค้น พบยาเสพติดของกลางทั้งหมด ซึ่งจากการสอบสวนนายวชิรวิทย์ ให้การรับสารภาพว่า นายสุ ไม่ทราบนามสกุล ซี่งเป็นนักโทษในเรือนจำจังหวัดสงขลา เป็นผู้ติดต่อให้มารับยาที่หน้าบริษัทดังกล่าว โดยผู้มาส่งเป็นชายไม่ทราบ ได้ชื่อขับรถยนต์ ไม่ทราบหมายเลขทะเบียน ทั้งนี้ได้ค่าจ้างประมาณ 20000 บาท, ตำรวจนครบาลตลิ่งชัน จับเครือข่ายยาเสพติดซึ่งอยู่ในเรือนจำจังหวัดสงขลา ขณะเตรียมนำลักลอบนำยาเสพติดส่งต่อไปยังพื้นที่ภาคใต้ พร้อมยึดอาวุธปืนและยาบ้าเป็นของกลาง,อาชญากรรม,,https://news.thaipbs.or.th/content/76003
แต่งชุดดำประท้วง ผอ.องค์การค้าคุรุสภา,ตัวแทนพนักงานลูกจ้างจากสหภาพแรงงานองค์การค้าของคุรุสภา กว่า 300 คน นัดหยุดงาน พร้อมแต่งชุดดำประท้วงการทำหน้าที่ของนายสันติภาพ อินทรพัฒน์ ผู้อำนวยการองค์การคุรุสภา บริเวณทางเท้าหน้าโรงพิมพ์คุรุสภา ถนนลาดพร้าว โดยมีแกนนำจากสหภาพแรงงานองค์การค้าคุรุสภาสับเปลี่ยนการปราศรัยโจมตีการทำหน้าที่ของนายสันติภาพ โดยระบุว่า ที่ผ่านมา ผู้อำนวยการองค์การค้าคุรุสภาไม่ดำเนินการตามข้อเรียกร้องประจำปี 2554 ตามที่ทางสหภาพฯ เสนอไป อาทิ การจ่ายเงินบำเหน็จล่าช้าให้กับเจ้าหน้าที่ที่ลาออกและเกษียณอายุ การปรับโครงสร้างบริหารจัดการโดยไม่มีการปรับอัตรากำลังเพิ่มเพื่อให้สอดคล้องกับการทำงาน ขณะที่ข้อพิพาทที่เกิดขึ้นระหว่างพนักงานกับนายจ้างก็ไม่ได้รับการดูแลตามกฎหมายแรงงานสัมพันธ์ ปี 2518 นอกจากนี้ ยังการกลั่นแกล้งพนักงาน รวมถึงทุจริตการจัดพิมพ์หนังสือที่ยังไม่ได้รับการแก้ไขนายอารีย์ สืบวงค์ ประธานสหภาพแรงงานองค์การค้าคุรุสภา ยืนยันว่า การออกมาเคลื่อนไหวในครั้งนี้ เพียงต้องการให้ข้อเรียกร้องนำไปสู่การปฏิบัติ เพราะเชื่อว่าจะเกิดประโยชน์กับพนักงานและลูกจ้างส่วนใหญ่ และช่วงบ่ายวันนี้ (2 ก.พ.) ตัวแทนจากกระทรวงแรงงานจะนัดไกล่เกลี่ยข้อพิพาทที่เกิดขึ้น แต่หากยังไม่เป็นไปตามข้อเรียกร้อง สหภาพฯ ก็จะนัดหารือเพื่อกำหนดแนวทางเคลื่อนไหวต่อไป, สหภาพแรงงานองค์การค้าคุรุสภา แต่งชุดดำประท้วงการทำหน้าที่ของ ผอ.องค์การค้าของคุรุสภา ที่ไม่ยอมทำตามข้อเรียกร้องของทางสหภาพแรงงานฯ โดยบ่ายวันนี้ เจ้าหน้าที่กระทรวงแรงงานจะนัดไกล่เกลี่ยข้อพิพาทที่เกิดขึ้น,สังคม,"กระทรวงแรงงาน,คุรุสภา,สหภาพแรงงาน,สันติภาพ อินทรพัฒน์,อารีย์ สืบวงค์",https://news.thaipbs.or.th/content/63464
ศึกหาเสียงลาม ดัตช์ขับ รมต.ตุรกี,"เมื่อ 12 มี.ค.ตำรวจปราบจลาจลเนเธอร์แลนด์ใช้ม้าและเครื่องฉีดน้ำแรงดันสูงสลายกลุ่มผู้ประท้วงกว่า 1,000 คน ที่นอกสถานกงสุลตุรกีในเมืองรอตเทอร์ดัม หลังตำรวจเนเธอร์แลนด์เนรเทศนางฟัตมา เบตุล ซายาน คายา รมว.กระทรวงครอบครัวตุรกีที่จะไปจัดการชุมนุมหาเสียงให้ชาวตุรกีในต่างแดน สนับสนุนการขยายอำนาจให้ประธานาธิบดีเรเจป ตอยยิป เออร์โดกัน แห่งตุรกี ในการลงประชามติใน 16 เม.ย. แต่ถูกรัฐบาลเมืองรอตเทอร์ดัมสั่งห้ามและคุมตัวเธอไปยังชายแดนเยอรมนีก่อนส่งกลับตุรกี,ความขัดแย้งระหว่างตุรกีกับชาติยุโรป ทั้งเยอรมนี ออสเตรีย สวิตเซอร์แลนด์ เนเธอร์แลนด์ บานปลาย หลังบางเมืองในชาติเหล่านี้สั่งห้ามการชุมนุมหาเสียงของเหล่านักการเมืองตุรกี โดยอ้างเหตุผลด้านความมั่นคงปลอดภัย ทำให้ตุรกีโกรธแค้น กล่าวหาว่ารัฐบาลเนเธอร์แลนด์เป็นเศษซากของพวกนาซีและฟาสซิสม์ และหาว่าเยอรมนีมีพฤติกรรมเยี่ยงนาซี ส่งผลให้นายกฯแองเกลา แมร์เคิล แห่งเยอรมนีตอบโต้ว่า รับไม่ได้,นายกฯบินาลี ยิลดิริม แห่งตุรกี แถลงหลังนางคายาถูกเนรเทศว่า ตุรกีจะตอบโต้รุนแรงในพฤติกรรมที่รับไม่ได้นี้ ก่อนหน้านี้เมืองรอตเทอร์ดัมก็สั่งห้ามนายเมฟลุต คาวูโซกลู รมว.ต่างประเทศตุรกีเข้าไปจัดชุมนุมหาเสียงเช่นกัน.",ความขัดแย้งระหว่างตุรกีกับชาติยุโรปหลายประเทศ ซึ่งห้ามการชุมนุมหาเสียงของนักการเมืองตุรกีโดยอ้างเหตุผลด้านความปลอดภัยจนทำให้ตุรกีไม่พอใจ ล่าสุดบานปลายโดยเนเธอร์แลนด์ ขับรมต.ตุรกีออกนอกประเทศ และเกิดการประท้วงรุนแรง,ข่าว,"ตุรกี,ห้ามหาเสียง,เนรเทศรัฐมนตรี,นาซี,เนเธอร์แลนด์",https://www.thairath.co.th/news/882607
สังคมสลด พ่อฤๅษี บวชเป็นพระ ข่มขืนลูกสาววัย 15 จนติดกามโรค ตั้งท้อง," ,พ่อฤๅษี,, บวชเป็นพระ เลิกรากับอดีตภรรยาไป 15 ปี ทิ้งลูกไปกลับมาขอลูกไปอยู่ด้วย แต่กลับข่มขืนลูกสาววัย 15 จนติดกามโรค ตั้งท้อง,- เมื่อวันที่ 27 ต.ค.62 มีการแชร์คลิปวิดีโอภายในจังหวัดขอนแก่น โดยพบว่า ฤๅษีเค (นามสมมติ) พร้อมกับคาดคั้นให้น้องจอย (นามสมมติ) พูดออกมาว่า ต้องการอยู่กับใคร,- ในคลิปมีการข่มขู่และจะทำร้ายร่างกาย โดยฤๅษีเค พยายามทำร้ายตาของน้องจอย โดยตาเล่าว่า ตอนนั้นตาก็วิ่งไปขอความช่วยเหลือจากเพื่อนบ้านให้แจ้งตำรวจ เพราะตาไม่อยากฆ่าคนชั่ว เมื่อตำรวจมาระงับเหตุ ฤๅษีจึงขับรถออกไป,- จากนั้นทางญาติจึงติดต่อประสานไปยังเจ้าหน้าที่พัฒนาสังคมฯ ให้ช่วยพาน้องจอยไปดูแลก่อนเพื่อดำเนินคดีกับฤๅษีเค,- ป้าของน้องจอย เล่าว่า หลังจากแม่คลอดน้องจอยได้ 1 เดือน ฤๅษีเคก็ทิ้งไป โดยอ้างว่าจะไปบวช ซึ่งฤๅษีเค ขาดการติดต่อไปประมาณ 15 ปี,- เมื่อกลางปี 61 มีชายหญิงคู่หนึ่งมาหาตายายที่บ้าน บอกว่า พ่อที่บวชเป็นพระอยู่ที่ อ.ศรีวิไล ป่วยเป็นมะเร็งระยะสุดท้าย อยากให้น้องจอย ไปดูใจครั้งสุดท้าย หลานจึงไปหาพ่อที่วัดแห่งหนึ่ง อยู่กลางทุ่งนาใน อ.ศรีวิไล แต่ไม่นานก็กลับมา,- ป้าบอกว่า ครั้งนั้นไม่มีอะไรผิดปกติ กระทั่งช่วงก่อนเข้าพรรษา ฤๅษีติดต่อมาให้พาน้องจอยไปหา โดยนัดกันที่ บขส.อุดรธานี เมื่อถึง บขส.อุดรธานี ฤๅษีก็มารับไปที่ถ้ำแห่งหนึ่ง จึงทราบว่าฤๅษีย้ายจากวัดมาอยู่ที่ถ้ำ,- ป้าบอกว่า ตอนอยู่ที่ถ้ำ ตอนกลางคืนน้องจอยก็อาบน้ำ เปลี่ยนเสื้อผ้าเข้าไปนอนห้องเดียวกับพ่อ เมื่อเข้าไปดูในห้องนอนในถ้ำพบว่ามีที่นอนเพียงที่เดียว หมอนวางคู่ มุ้งครอบอันเดียว แต่ยังไม่คิดไปไกล เพราะกลัวไม่เป็นจริง,- กระทั่งเมื่อ ก.ค.62 ทางบ้านได้รับการติดต่อจากน้องจอย ซึ่งน้องบอกให้มารับกลับบ้าน เพราะทนไม่ไหวแล้ว ญาติฝั่งแม่จึงไปรับน้องกลับมา ต่อมาช่วงปิดเทอมปลาย ก.ย.ที่ผ่านมา ฤๅษีเคก็มารับตัวน้องจอยกลับไปอีก ทางบ้านก็ไม่กล้าติดตาม เนื่องจากเกรงกลัวอิทธิพลจึงปล่อยไป,- หลังจากญาตินำน้องจอยมาอยู่ด้วย เมื่อพาไปตรวจร่างกายก็พบว่า น้องกำลังตั้งครรภ์ ทุกคนจึงเชื่อว่าพ่อ คือ ฤๅษีเค น่าจะพาน้องไปทำมิดีมิร้าย เพราะมั่นใจว่าน้องจอยมีความประพฤติดี,- น้องจอยเขียนไดอารี่ 4 หน้าให้ญาติๆ อ่าน น้องจอยเติบโตด้วยความรักจากครอบครัวของฝั่งแม่ มีตา ยา และป้า และญาติพี่น้องดูแล ,น้องจอยเรียนหนังสือได้เกรด 4.00 เป็นที่ 1 ของห้องมาโดยตลอด จนจบชั้น ป.6,- พอน้องจอยขึ้นมัธยมก็รักษาเกรดตัวเองอย่างดีไม่เคยด้อยลงเลย ทำกิจกรรมของโรงเรียน เป็นหัวหน้าการงาน เรียนเก่งมาก,- ย่อหน้าสุดท้ายของไดอารี่ น้องจอยระบุว่า ,ถูกปู่ข่มขืนจนเป็นกามโรค และตอนนี้ก็เป็นรอบที่ 3 แล้ว แต่ปู่จะทำร้ายร่างกายหากไปบอกคนอื่น ต้องกลายเป็นคนโกหก ปลิ้นปล้อน, ซึ่งน้องจอย จะเรียก พ่อว่า ปู่ หรือ ปู่ฤๅษี,- ป้าของน้องจอยถึงกับหลั่งน้ำตา โดยป้าระบุว่า รู้สึกว่า หลานสาวถูกคนเป็นพ่อทำร้ายมาตลอด จนกลายเป็นคนโกหก และยังถูกล่วงละเมิดทางเพศจนกลายเป็นเรื่องในทุกวันนี้ เพราะการกระทำของคนเป็นพ่อ ซึ่งบวชเป็นพระ และชอบแต่งกายเป็นฤๅษี อยากให้เจ้าหน้าที่ตำรวจช่วยดำเนินคดีกับฤๅษีนี้ให้ถึงที่สุด,ข้อมูลที่ฝั่งฤๅษีเคอ้าง,- ลูกศิษย์ของฤๅษีเค หรือ หลวงปู่ เล่าว่า หลวงปู่ทำกิจกรรมสาธารณประโยชน์มามาก ธรรมชาติของท่านเป็นพระที่ดุ ท่านจะพาเด็กเพียรทำความดีมาตลอด,- สำหรับข่าวที่กำลังเป็นกระแสอยู่ตอนนี้ เท่าที่อยู่กับท่านมาก็ไม่เคยได้ยินเรื่องลักษณะที่เป็นข่าว ก็อยากให้ฟังทางหลวงปู่บ้าง,- ถ้ามันเป็นเรื่องขึ้นมาก็เป็นเรื่องของทนายก็ต้องพิสูจน์กันทางศาล แต่ถ้าพูดคุยกันได้ ยินยอมกันได้ ก็อยากให้จบ ไม่ต้องขึ้นโรงขึ้นศาล,- ทางนี้ก็ยืนยันความบริสุทธิ์ของหลวงปู่ เพราะเราเป็นลูกศิษย์ที่ติดตามท่านมานาน,- ฤๅษีเค ยอมรับว่า น้องจอย เป็นลูกของตนจริง และเคยมาปฏิบัติธรรมที่สำนักสงฆ์ แต่เรื่องที่ทำให้เด็กท้องตามที่สื่อออกข่าวไปแล้วนั้นขอปฏิเสธทุกข้อกล่าวหา,- ฤๅษีเค ย้ำหนักว่า ,อาตมาอยู่ที่วัดจะไม่ไปไหนพร้อมสู้ทุกข้อกล่าวหา ไม่ว่าจะเป็นการตรวจดีเอ็นเอ หรือดำเนินการตามกระบวนการยุติธรรม เพราะเขากล่าวหาอาตมาเพียงฝ่ายเดียว อาตมาก็มีสิ่งยืนยันที่จะลบล้างข้อกล่าวหาเหมือนกัน แต่ขออุบไว้ก่อน จะเปิดเผยภายหลังที่มีการต่อสู้คดี อาตมาเป็นพระถือศีล 227 ข้อ จะไม่พูดเท็จ ถ้าผิดจริงยินดีลาสิกขา ไม่อยู่ให้เป็นที่เสื่อมเสียในวงการสงฆ์แน่นอน,- ล่าสุด เมื่อเวลา 17.30 น.วันที่ 6 พ.ย.62 ตำรวจบึงกาฬ ได้นำหมายศาลจังหวัดบึงกาฬ เข้าจับกุมฤๅษีเค เพื่อดำเนินคดีในข้อหา กระทำอนาจารแก่บุคคลอายุต่ำกว่า 15 ปี, กระทำชำเราเด็กอายุไม่เกิน 15 ปีโดยเด็กนั้นจะยินยอมหรือไม่ก็ตาม และกระทำชำเราผู้อื่นโดยผู้ถูกกระทำนั้นเป็นผู้สืบสันดานของตนเอง,- ฤๅษีเค ยอมให้ตำรวจจับกุม และไปสอบปากคำที่สภ.ศรีวิไล,- ลูกศิษย์ปู่ฤๅษีเค ได้เตรียมหลักฐานมาไว้ประกันตัวแล้ว,- เจ้าหน้าที่ปฏิเสธการประกันตัวในชั้นสอบสวน และให้พนักงานสอบสวน เพื่อควบคุมตัวไปศาลเพื่อฝากขัง และหากจะประกันตัวในชั้นศาลก็ขึ้นอยู่กับดุลพินิจของศาลต่อไป,ข่าวที่เกี่ยวข้อง ,ญาติเชื่อ พ่อที่เป็นฤๅษี พาลูกสาววัย 15 ไปอยู่ที่ถ้ำ ข่มขืนจนเด็กท้อง,พ่อเป็นฤๅษีทิ้งลูกสาวไป 15 ปี อยู่ๆ โผล่มาขอเด็กไปอยู่ถ้ำ ไม่กี่เดือนท้อง,พ่อฤาษี โต้ทำลูกสาวท้อง ยินดีตรวจดีเอ็นเอ มั่นใจความบริสุทธิ์,ตร.บุกถ้ำจับพ่อฤาษี ข่มขืนลูกวัย15 โดน 3 ข้อหาหนัก ห้ามประกันตัว,เปิดไดอารี่สาว 15 พบบันทึกลับ 4 แผ่น ถูกพ่อฤๅษีข่มขืน ติดกามโรค ตั้งครรภ์",สรุปเรื่องราวสังคมสลด พ่อฤๅษี บวชเป็นพระ เลิกรากับอดีตภรรยาไป 15 ปี ทิ้งลูกไปกลับมาขอลูกไปอยู่ด้วย แต่กลับข่มขืนลูกสาววัย 15 จนติดกามโรค ตั้งท้อง,"ข่าว,สังคม","ฤาษี,ข่าวเด่น,ฤาษีข่มขืนลูกสาว,ฤาษีอยู่ถ้ำ,ข่มขืนลูกสาว,ข่าวทั่วไป",https://www.thairath.co.th/news/society/1698730
ใครปล่อยหมายข่าว? ระบุชัด โอเอแจ้งกองปราบจับ บิ๊กนายพล สุดท้ายโอละพ่อ,"ช่วงกลางดึกของวันที่ 27 กันยายน ที่ผ่านมา สื่อสำนักข่าวต่างๆ ได้รับเอกสารระบุชัดเจน ทายาท โรจน์รุ่งรังสี พร้อมทีมทนายความจาก บริษัท โอเอ ทรานสปอร์ต จำกัด เตรียมเข้าแจ้งความตำรวจกองบังคับการปราบปรามในช่วงบ่ายวันที่ 28 ก.ย. 60 เพื่อให้ดำเนินคดีกับตำรวจชุดปราบปรามทัวร์ศูนย์เหรียญ ได้แก่ พล.ต.ต.สุรเชษฐ์ หักพาล รักษาราชการแทนรองผู้บัญชาการตำรวจท่องเที่ยว หลังจากศาลชั้นต้นมีคำพิพากษาสั่งยกฟ้องในคดีดังกล่าวไปแล้ว เมื่อวันที่ 25 ส.ค.ที่ผ่านมา เนื่องจากเห็นว่า บริษัทไม่ได้รับความเป็นธรรม และที่ผ่านมาเจอกับปัญหาต่างๆ ทั้งได้รับความเสียหายและเสียชื่อเสียงเป็นอย่างมาก อันประเมินค่าไม่ได้ และได้พิสูจน์ถึงความบริสุทธิ์มาตลอดจน จนกระทั่งศาลชั้นต้นสั่งยกฟ้อง,ต่อมา สื่อยักษ์ใหญ่หลายสำนักได้นำข้อมูลในหมายดังกล่าวเขียนเป็นข่าวเผยแพร่ กระทั่งเวลา 13.30 น. ของวันที่ 28 กันยายน ตามเวลานัด ปรากฏว่า ทายาทโอเอปรากฏตัวท่ามกลางกองทัพสื่อมวลชน พร้อมเข้าให้การกับทางเจ้าหน้าที่ตำรวจ มุ่งประเด็นแจ้งความเอาผิด 2 พนักงานสอบสวน สน.พญาไท และพวกอีก 13 ราย ไม่ได้ระบุชื่อบิ๊กโจ๊ก พล.ต.ต.สุรเชษฐ์ หักพาล ตามที่แจ้งข้อมูลในหมายเชิญสื่อ ,ต่อข้อสงสัยดังกล่าว กรณีเมื่อกลางดึกที่ผ่านมา ทางบริษัท โอเอ ทรานสปอร์ต จำกัด ได้ออกหมายแจ้งสื่อมวลชนว่าจะมีการดำเนินการเอาผิดกับ พล.ต.ต.สุรเชษฐ์ หักพาล รรท.รอง ผบช.ทท. โดยตรง ในฐานความผิด 157 แต่ถึงเวลานัดหมายกับไม่ได้มีการแจ้งความเอาผิดนายตำรวจคนดังกล่าว ซึ่งเรื่องนี้ทางทายาทโอเอ ขอยืนยันว่า ,ทางเราดำเนินคดีกับทางเจ้าหน้าที่รัฐเพียง 2 คนเท่านั้น ทางบริษัทไม่เคยชี้แจงลักษณะนั้น ไม่รู้ว่าเป็นการปล่อยข่าวให้ข้อมูลหรือไม่ ,อย่างไรก็ตาม กลุ่มสื่อมวลชนที่รอปักหลักทำข่าวที่กองปราบปราม ยังอยากทราบความชัดเจนถึงที่มาของใบเชิญทำข่าวฉบับนี้ เนื่องจากระบุวันที่และเวลาชัดเจน มีข้อมูลอ้างอิงถึงบริษัทโอเอ ลงนามเป็นผู้ส่งมา อีกทั้งนักข่าวเกือบทุกสำนักได้รับกันอย่างทั่วถึงอีกด้วย",หมายข่าวมาจากไหน? กองทัพสื่อฯ ตั้งข้อสงสัย ใบเชิญทำข่าว ระบุชัด ทายาทโอเอ ศูนย์เหรียญ แจ้งจับ บิ๊กนายพล ข้อหาประพฤติมิชอบ สุดท้ายโอละพ่อ แจ้ง 2 พงส. กับทีม 13 ราย พร้อมปัด ไม่เคยชี้แจงลักษณะนั้น ไม่รู้ใครปล่อยข่าว ,"ข่าว,อาชญากรรม","ศูนย์เหรียญ,โอเอ ทรานสปอร์ต,แจ้งจับบิ๊กโจ๊ก,โอ้ละพ่อ,กองปราบปราม,ข่าวทั่วไป",https://www.thairath.co.th/news/crime/1083932
ปั๊มแก๊สขอนแก่น เติมฟรีเต็มถัง แท็กซี่จิตอาสา-บางจาก ลูกค้าแน่น,"เมื่อเวลา 08.30 น. วันที่ 26 ต.ค.60 ผู้สื่อข่าวรายงานว่า ได้มีแท็กซี่และประชาชนจิตอาสาจำนวนมาก นำรถมาเข้าคิวสำหรับการขอรับการบริการเติมแก๊สฟรี ที่สถานีบริการแก๊ส จีเอสแก๊ส ซึ่งตั้งอยู่ริม ถ.มิตรภาพ ต.ศิลา อ.เมืองขอนแก่น เนื่องจากทางปั๊มได้ติดป้ายประกาศว่า ปั๊มจีเอสแก๊ส ขอทำความดีถวายเป็นพระราชกุศลแด่พ่อหลวง เติมแก๊สฟรี วันที่ 26 ต.ค.2560 ตั้งแต่เวลา 00.01 น. ไปจนกว่าแก๊สจะหมด,นายกันต์ธีร์ อึ้งสถิตย์ถาวร ผู้จัดการ จีเอสแก๊ส ขอนแก่น กล่าวว่า ครอบครัวตนขอทำความดีเพื่อถวายความอาลัยแด่พระบาทสมเด็จพระปรมินทรมหาภูมิพลอดุลยเดช บรมนาถบพิตร ด้วยการทำในสิ่งที่ครอบครัวถนัดในธุรกิจที่ทำอยู่ด้วยการให้บริการแก๊สฟรีให้กับกลุ่มแท็กซี่จิตอาสา และประชาชนจิตอาสา ที่ร่วมกันทำความดีทำการวิ่งรับ-ส่งประชาชนตามจุดต่างๆ ไปยังพระเมรุมาศจำลอง วัดป่าแสงอรุณ ตลอดทั้งวันในวันนี้,จนถึงขณะนี้มีรถแท็กซี่และรถยนต์ส่วนบุคคลของประชาชนจิตอาสามาขอรับบริการเติมแก๊สฟรีแล้วรวมกว่า 200 คัน โดยปั๊มให้บริการต่อคันตั้งแต่ราคา 300-500 บาท ส่วนใหญ่เป็นรถที่มาให้บริการประชาชนที่ต้องการจะเดินทางไปถวายดอกไม้จันทน์ในงานพระราชพิธีถวายพระเพลิงพระบรมศพในหลวง ร.9 โดยปั๊มได้สำรองแก๊สในการทำความดีถวายเป็นพระราชกุศล และน้อมเกล้าฯ แสดงความอาลัยพระองค์ท่านสู่สวรรคาลัย วันนี้รวม 5,000 ลิตร คิดเป็นมูลค่ารวมกว่า 50,000 บาท,ผู้สื่อข่าวรายงานเพิ่มเติมว่า จากการประกาศปรับลดราคาจำหน่ายน้ำมันลิตรละ 1.50 บาท น้ำมันทุกชนิดของสถานีบริการน้ำมันบางจาก พบว่าประชาชนจำนวนมากได้นำรถยนต์มาเข้าคิวขอรับการเติมน้ำมัน โดยเฉพาะที่สถานีบริการน้ำมันบางจาก สาขาขอนแก่น ใกล้กับมหาวิทยาลัยขอนแก่น ทางเข้าหมู่บ้านโนนม่วง พบว่ามีประชาชนนำรถมาเข้าแถวต่อคิวยาวล้นมาจนถึงถนนมิตรภาพ เจ้าหน้าที่ได้ช่วยกันจัดการจราจรและจัดระเบียบการเติมน้ำมันให้รวดเร็วและเป็นไปด้วบความระเบียบเรียบร้อย และให้บริการครบทุกคันโดยไม่จำกัดจำนวน โดยมีการติดป้ายการลดราคาน้ำมันเพื่อถวายความอาลัยและสำนึกในพระมหากรุณาธิคุณแด่พระบาทสมเด็จพระปรมินทรมหาภูมิพลอดุลยเดช บรมนาถบพิตร ไว้ที่บริเวณหัวจ่ายทุกจุด,ขณะเดียวกันปั๊มได้มีการเปิดบทเพลงพระราชนิพนธ์ของในหลวง ร.9 ให้ประชาชนที่มาเติมน้ำมันในปั๊มได้ร่วมสำนึกในพระมหากรุณาธิคุณ รวมทั้งแจ้งเตือนประชาชนที่หากไม่สามารถนำรถมาเติมน้ำมันได้ ยังคงสามารถนำแกลลอนหรือขวดมาขอรับบริการได้คนละไม่เกิน 200 ลิตรต่อวันอีกด้วย.",ปั๊มแก๊สขอนแก่น ให้เติมฟรี แท็กซี่จิตอาสารับ-ส่งประชาชนร่วมถวายดอกไม้จันทน์ ส่วนที่ปั๊มบางจาก หลังประกาศปรับลดน้ำมันทุกชนิด ลิตรละ 1.50 บาท รถแวะแน่นก่อนเดินทางไปร่วมงานพระราชพิธีถวายพระเพลิงพระบรมศพ ในหลวง ร.9,"ข่าว,ทั่วไทย","รัชกาลที่9,ในหลวง ร.9,เติมแก๊สฟรี,บางจากลดราคาน้ำมัน,พระราชพิธีถวายพระเพลิงพระบรมศพ,ข่าวรัชกาลที่9",https://www.thairath.co.th/news/local/northeast/1108464
แม่ลูก4ยันเรื่องจริง ผัวทาสยานรกลักตัวลูกสาวไปแลกยาบ้า บุกช่วยหวุดหวิด,"วันที่ 27 มิ.ย. 60 ผู้สื่อข่าวได้ติดต่อไปยังนายทวีศักดิ์ ยอดมณีบรรพต กำนัน ต.ปอ อ.เวียงแก่น จ.เชียงราย กรณีนางลู้กุ๊ แซ่ย่าง วัย 22 ปี ชาว ต.ปอ อ.เวียงแก่น จ.เชียงราย พาลูกสาวหนีสามีที่ติดยาเสพติด และเอาลูกสาวไปขายแลกยาเสพ ทราบจากกำนันผู้ปกครองหมู่บ้านห้วยหาน ว่า ตามหลักฐานนางลู้กุ๊ เป็นชาวห้วยหานจริง แต่ที่เกิดเหตุไม่ใช่พื้นที่เวียงแก่น เพราะนางลู้กุ๊แต่งงานไปอาศัยอยู่กับสามีที่เป็นคนที่บ้านขุนต้า หมู่ 11 ต.ตับเต่า อ.เทิง จ.เชียงราย การหนีก็หนีจากบ้านขุนต้า ต.ตับเต่า อ.เทิง เหตุเกิดในพื้นที่นั้น หลังจากรู้ข่าว ตนได้เรียกญาติที่บ้านห้วยหานมาสอบถาม ทราบว่าเรื่องดังกล่าวเกิดขึ้นจริงตามข่าวที่มีการนำเสนอ,ด้านนายนพดล เลิศภูไท ผู้ใหญ่บ้านขุนต้า ม.11 ต.ตับเต่า อ.เทิง จ.เชียงราย เปิดเผยกับผู้สื่อข่าวว่า ได้ตรวจสอบแล้วพบว่าสามีของ น.ส.ลู้กุ๊ มาอาศัยอยู่ที่หมู่บ้าน ชื่อนายเจอซ่ง แซ่ซ้ง เพิ่งจะย้ายมาจากห้วยหาน ต.ปอ อ.เวียงแก่น มาอยู่ที่บ้านขุนต้าได้ประมาณ 3-4 เดือน แต่ไม่มีใครมาแจ้ง สอบถามญาติบอกว่านายเจอซ่งภูมิลำเนาเดิมอยู่ จ.ตาก พ่อแม่ตายหมดแล้ว และทราบว่านายเจอซ่งได้หนีทหารเกณฑ์จาก จ.ตาก ปัจจุบันจึงไม่มีเอกสารทางราชการการ หลบหนีมาขออาศัยกับญาติที่บ้านขุนต้าก่อนจะแต่งงานกับ น.ส.ลู้กุ๊ และไปอยู่ที่บ้านห้วยหาน ต.ปอ อ.เวียงแก่น เพิ่งจะพาลูกเมียกลับมาอยู่ที่บ้านขุนต้าได้ไม่นาน  ,ต่อมา ผู้สื่อข่าวได้ประสานหน่วยงานในพื้นที่บ้านสันติสุข ต.แม่ขะจาน อ.เวียงป่าเป้า เพื่อจะติดต่อพูดคุยทางโทรศัพท์กับนางลู้กุ๊ แซ่ย่าง แม่ลูก 4 เกี่ยวกับกรณีข่าวที่เกิดขึ้น จนสามารถติดต่อกับนางลู้กุ๊ได้ เล่าให้ฟังว่า เหตุการณ์ที่ข่าวนำเสนอไปเป็นเรื่องจริงทั้งหมด สามีติดยาเสพติด(ยาบ้า)มานาน วันไหนไม่ได้เสพจะหาเรื่องทุบตีตนตลอด และบางครั้งขู่ว่าถ้าไม่มีเงินซื้อยาเสพ จะนำลูกสาวไปขายนำเงินมาซื้อยา ก่อนหน้าที่ตนจะหนีมา สามีและลูกสาววัย 5 ขวบ ได้หายจากบ้านไป 2 วัน ตนจึงชวนเพื่อนบ้านตามหาจนนำตัวลูกสาวกลับมาได้,ช่วงสายวันนี้ก็มีโทรศัพท์จากญาติที่เวียงแก่นและเทิง โทรมาสอบถามพี่สาวว่าอยากทราบที่อยู่ เกรงว่าจะไม่ปลอดภัย จึงขอให้ทางกู้ภัยมารับตัวไปอาศัยที่วัดห้วยปลากั้งในตัวเมืองเชียงราย นางลู้กุ๊ แซ่ย่าง กล่าว,ด้านนายพงศกร สวามิภักดิ์ หัวหน้า อส.ปภ.กู้ภัยแม่ขะจาน อ.เวียงป่าเป้า กล่าวว่า วันนี้ได้เดินทางมารับ แม่และเด็ก พร้อมนำสิ่งของที่ได้รับมา ไปมอบช่วยเหลือ รวมทั้งกิ่งกาชาด อำเภอเวียงป่าเป้า และหน่วยงานอื่นที่ทราบข่าวร่วมนำสิ่งของมามอบให้ หลังจากนำแม่ลูกไปส่งที่วัดห้วยปลากั้งแล้ว พรุ่งนี้จะนำเด็ก 2 คนที่ไม่ได้แจ้งเกิดไปติดต่อที่ว่าการอำเภอเทิงต่อไป.","อส.ที่เชียงราย นำตัวแม่ลูก 4 ไปอยู่ในที่ปลอดภัย หลังมีคนโทรมาถามจุดที่พัก ยืนยันเรื่องที่ผัวติดยาบ้าแล้วเอาลูกสาวไปแลกยาเสพเป็นเรื่องจริง พาหายไปนาน 2 วัน ตัวเองต้องตามไปช่วย รอดมาได้อย่างหวุดหวิด  

","ข่าว,ทั่วไทย","นำลูกแลกยาบ้า,ลูกสาวแลกยาบ้า,ทาสยานรก,ช่วยแม่ลูก4,เชียงราย,ข่าวทั่วไป",https://www.thairath.co.th/news/local/north/985742
